{"cameraMode":{"drawMode":0,"name":"Shaded","section":"Shading Mode"},"sceneLighting":true,"audioPlay":false,"sceneViewState":{"showFog":true,"showMaterialUpdate":true,"showSkybox":true,"showFlares":true,"showImageEffects":true,"showParticleSystems":true},"in2DMode":false,"pivot":{"x":5.789007663726807,"y":-1.51637601852417,"z":14.884008407592774},"rotation":{"x":-0.1067608892917633,"y":0.718919575214386,"z":-0.11329816281795502,"w":-0.6774365901947022},"size":12.445411682128907,"orthographic":false}