{"cameraMode":{"drawMode":0,"name":"Shaded","section":"Shading Mode"},"sceneLighting":true,"audioPlay":false,"sceneViewState":{"showFog":true,"showMaterialUpdate":true,"showSkybox":true,"showFlares":true,"showImageEffects":true,"showParticleSystems":true},"in2DMode":false,"pivot":{"x":401.3999938964844,"y":768.6000366210938,"z":0.0},"rotation":{"x":-0.07642003893852234,"y":0.011661502532660962,"z":-0.0008931487100198865,"w":-0.9970071315765381},"size":892.546142578125,"orthographic":false}