{"cameraMode":{"drawMode":0,"name":"Shaded","section":"Shading Mode"},"sceneLighting":true,"audioPlay":false,"sceneViewState":{"showFog":true,"showMaterialUpdate":true,"showSkybox":true,"showFlares":true,"showImageEffects":true,"showParticleSystems":true},"in2DMode":false,"pivot":{"x":-1.8168573379516602,"y":-1.032130241394043,"z":11.40310287475586},"rotation":{"x":0.11646972596645355,"y":-0.4617147743701935,"z":0.06130141392350197,"w":0.877209484577179},"size":14.536272048950196,"orthographic":false}