{"cameraMode":{"drawMode":0,"name":"Shaded","section":"Shading Mode"},"sceneLighting":true,"audioPlay":false,"sceneViewState":{"showFog":true,"showMaterialUpdate":true,"showSkybox":true,"showFlares":true,"showImageEffects":true,"showParticleSystems":true},"in2DMode":false,"pivot":{"x":0.8062403202056885,"y":1.7823407649993897,"z":31.46847915649414},"rotation":{"x":-0.017003381624817849,"y":0.3279559016227722,"z":-0.005903119221329689,"w":-0.9445215463638306},"size":22.0,"orthographic":false}