{"cameraMode":{"drawMode":0,"name":"Shaded","section":"Shading Mode"},"sceneLighting":true,"audioPlay":false,"sceneViewState":{"showFog":true,"showMaterialUpdate":true,"showSkybox":true,"showFlares":true,"showImageEffects":true,"showParticleSystems":true},"in2DMode":false,"pivot":{"x":2158.2607421875,"y":728.38671875,"z":-778.403076171875},"rotation":{"x":0.017923375591635705,"y":-0.09166032075881958,"z":-0.001649369951337576,"w":-0.9956277012825012},"size":1660.009765625,"orthographic":false}