{"cameraMode":{"drawMode":0,"name":"Shaded","section":"Shading Mode"},"sceneLighting":false,"audioPlay":false,"sceneViewState":{"showFog":true,"showMaterialUpdate":true,"showSkybox":false,"showFlares":true,"showImageEffects":true,"showParticleSystems":true},"in2DMode":false,"pivot":{"x":0.0,"y":-1.6095695495605469,"z":9.751866340637207},"rotation":{"x":0.08931686729192734,"y":-0.7059822082519531,"z":0.09050305932760239,"w":0.6967215538024902},"size":16.711387634277345,"orthographic":false}